Week of 08/15/98 to 08/21/98


www.orst.edu Usage Statistics
** OSU Only **
Week of 08/15/98 to 08/21/98
Overall StatisticsCategoryTotalUnique sites served2813Unique documents served18001Unique trails followed4311Total visits9332Accesses per HourFigures are averages for that hour on a typical day.
Hour
Accesses
Bytes
Bits/Sec
Bytes/Sec
00:00378.862558691.575685.98710.7501:001023.867325493.2916278.872034.8602:00357.432669429.865932.07741.5103:00249.711343852.572986.34373.2904:0046.71627773.141395.05174.3805:0037.43563809.001252.91156.6106:0075.29815955.001813.23226.6507:00232.141885320.574189.60523.7008:00566.865059181.7111242.631405.3309:00806.148802622.4319561.382445.1710:00923.149471120.2921046.932630.8711:001011.438951877.5719893.062486.6312:00897.717591018.0016868.932108.6213:001036.298986621.4319970.272496.2814:001276.1410434795.5723188.432898.5515:00954.008951150.7119891.452486.4316:00865.718136713.8618081.592260.2017:00458.434934597.7110965.771370.7218:00277.572386810.575304.02663.0019:00260.292119734.864710.52588.8220:00271.432267648.295039.22629.9021:00217.862048278.004551.73568.9722:00202.141976987.294393.31549.1623:00163.001485381.433300.85412.61Accesses per Day
Date
Accesses
Bytes
Bits/Sec
Bytes/Sec
08/15/9813583100548252223440.5627930.0708/16/9843093789163384203.6310525.4508/17/9815041129455246287678.3235959.7908/18/9814065129049468286776.6035847.0708/19/9816210136303438302896.5337862.0708/20/9813548138902240308671.6438583.9608/21/9811371107613776239141.7229892.72TotalsItemAccessesBytesTotal Accesses88,127779,764,053
Home Page Accesses19,081146,629,866
Visitor Center44175,508
Campus Update53241,476
Student Services34188,217
Main Campus68349,452
Frontiers in Education24153,513
Top 25 of 4311 Document TrailsRankTrailAccessesAvg. Minutes1http://www.orst.edu/, /ss/acareg/acareg.htm3890.002http://www.orst.edu/, /mc/libcom/libcom.htm1200.003http://www.orst.edu/, /students1060.004http://osu.orst.edu/, /ss/acareg/acareg.htm840.005http://www.orst.edu/, /mc/coldep/coldep.htm720.006http://www.orst.edu/, /cu/people/ph_query.html580.007http://www.osu.orst.edu/, /ss/acareg/acareg.htm540.008https://www.adminfo.ucsadm.orst.edu/PROD/owa/hwgkwbis.P_Logout, /ss/acareg/acareg.htm360.009http://osu.orst.edu/, /students340.0010http://www.orst.edu/, /dept/ncs/newsarch/1998/Aug98/ting.htm340.0011http://www.orst.edu/, /cu/atheve/atheve.htm310.0012http://www.orst.edu/, /students, /ss/acareg/acareg.htm312.4813/dept/library/database.htm, /mc/libcom/libcom.htm252.9214http://www.orst.edu/, /cu/newpub/newpub.htm, /cu/newpub/natint.htm230.0915http://www.chem.orst.edu/ch331-7t/ch337/msds.htm, /dept/ehs230.0016/dept/library/database.htm, /dept/library/dbtitle.htm, /dept/library/fsaccess.htm221.8617http://www.orst.edu/, /cu/people/people.htm, /cu/people/ph_query.html210.9518http://www.orst.edu/, /dept/catalogs, /dept/clasked, /dept/clasked/help.htm, /dept/clasked/toc.htm200.2019/dept/library/database.htm, /dept/library/fsaccess.htm201.9020http://osu.orst.edu/, /cu/people/ph_query.html180.0021/dept/kcoext, /dept/kcoext/home_f.htm, /dept/kcoext/cont.htm170.0622http://www.orst.edu/, /ss/financ/financ.htm, /dept/ses/jobs.htm170.0623http://osu.orst.edu/, /mc/coldep/coldep.htm160.0024/dept/spc, /dept/spc/frame1.htm, /dept/spc/frame2.htm150.0025/dept/clasked, /dept/clasked/help.htm, /dept/clasked/toc.htm150.00Top 25 of 4369 Referring URLs by Access Count
RankURLAccessesBytes1http://www.orst.edu/3,75933,537,110
2http://osu.orst.edu/1,39012,391,481
3http://osu.orst.edu/dept/library/database.htm1,10613,682,053
4http://search.orst.edu:8765/query.html1,01310,118,044
5http://osu.orst.edu/dept/catalogs/6867,417,977
6http://osu.orst.edu/dept/science/5693,093,716
7http://osu.orst.edu/dept/library/subject.htm5193,773,427
8http://osu.orst.edu/dept/library/4934,132,212
9http://osu.orst.edu/mc/libcom/is.htm3951,624,928
10http://www.orst.edu/mc/coldep/coldep.htm3141,275,972
11http://osu.orst.edu/instruct/pte/top.htm2841,838,675
12http://www.orst.edu/instruct/pte/superhom.htm2792,252,425
13http://www.orst.edu/mc/libcom/libcom.htm2792,471,360
14http://www.orst.edu/admin/hr/hrjobs.htm2594,061,619
15http://www.orst.edu/dept/library/2271,613,997
16http://www.orst.edu/ss/acareg/acareg.htm2161,234,729
17http://osu.orst.edu/aw/old/promote/216714,605
18http://osu.orst.edu/dept/library/dbtitle.htm2041,576,298
19http://www.orst.edu/dept/library/database.htm2023,102,490
20http://www.osu.orst.edu/1991,774,269
21http://osu.orst.edu/mc/coldep/coldep.htm192805,903
22http://osu.orst.edu/index.html1911,776,051
23http://osu.orst.edu/mm/sigsou/1998/1911,488,062
24http://www.orst.edu/ss/financ/financ.htm161904,734
25http://www.orst.edu/ss/acareg/acareg.htm#records1601,204,995

Top 25 of 18001 Documents Sorted by Access Count
RankURLAccessesBytes1/dept/library/database.htm3,62339,158,256
2/ss/acareg/acareg.htm1,67414,962,468
3/dept/library1,1466,563,901
4/mc/libcom/libcom.htm7666,933,999
5/tools/utils/cflogger.cfm67046,489,625
6/dept/library/fsaccess.htm6374,894,122
7/students61711,996,656
8/dept/library/dbtitle.htm61313,268,213
9/dept/catalogs5991,302,233
10/mc/coldep/coldep.htm5669,300,064
11/dept/library/subject.htm4562,838,676
12/instruct/pte/superhom.htm3612,378,667
13/cu/people/ph_query.html3191,448,299
14/dept/clasked/help.htm3151,099,224
15/dept/clasked/toc.htm3018,387,898
16/dept/clasked2971,384,982
17/dept/library/iac.htm2871,818,871
18/dept/gencat/bar.html281920,743
19/dept/gencat/title.html2792,252,385
20/mc/admsup/admsup.htm2744,121,153
21/dept/ncs2721,080,666
22/admin/hr/hrjobs.htm2633,004,098
23/ss/financ/financ.htm2611,223,779
24/dept/library/govpubs.htm2531,236,134
25/dept/afrotc251367,407

Top 25 of 2813 Sites by Access Count
RankSiteAccessesBytes1pauling.library.orst.edu16,678107,320,379
2e230d-2.educ.orst.edu2,02610,576,985
3www.orst.edu86446,611,423
4refdesk.library.orst.edu7566,174,374
5cln430-cdcntr.library.orst.edu5825,558,264
6cln316-cdcntr.library.orst.edu5425,390,286
7cln286-cdcntr.library.orst.edu5335,881,099
8matylonj.library.orst.edu5312,635,257
9cln404-weboffice.library.orst.edu5104,480,272
10cln417-cdcntr.library.orst.edu5045,080,226
11cln421-cdcntr.library.orst.edu4924,363,871
12cln420-cdcntr.library.orst.edu4714,680,988
13cln419-cdcntr.library.orst.edu4504,437,136
14mm3-cdcntr.library.orst.edu4034,084,648
15cln382-consult.library.orst.edu3982,183,317
16cln265-cdcntr.library.orst.edu3753,536,899
17cln347-painterc.library.orst.edu3692,241,924
18cln142-cdcntr.library.orst.edu3663,521,942
19molinaj119.plag.orst.edu3542,030,194
20cln418-cdcntr.library.orst.edu3263,075,863
21cln314-cdcntr.library.orst.edu3213,063,039
22mm2-cdcntr.library.orst.edu2982,903,140
23cln342-ada.library.orst.edu2932,681,519
24vedinerd.rcn.orst.edu2811,984,998
25mm4-cdcntr.library.orst.edu2672,688,694

Top 25 of 289 user agents by Access Count
RankUser AgentAccessesBytes1(Win95; I)17,274130,591,247
2Ultraseek16,678107,320,379
3Mozilla/3.0 (Win95; I)8,49479,246,718
4Mozilla/3.01 (Win95; I)6,41750,781,798
5Mozilla/3.04 (Win16; I)5,77154,903,773
6Mozilla/4.0 (compatible; MSIE 4.01; Windows 95)2,93525,147,422
7(Win95; I ;Nav)1,95014,640,122
8Mozilla/3.01Gold (Win95; I)1,92516,698,515
9(WinNT; I)1,75724,423,161
10Mozilla/3.01 (Win16; I)1,23012,028,989
11(Win95; U)1,04710,800,080
12Mozilla/4.05 (Macintosh; I; PPC)1,0028,813,381
13Mozilla/4.0 (compatible; MSIE 4.01; Windows 98)9786,510,200
14Mozilla/3.0Gold (Win95; I)9748,958,130
15Mozilla/3.0 (Macintosh; I; PPC)9176,645,553
16Mozilla/3.0 (Win95; I; 16bit)8698,393,091
17Mozilla/3.0 (Win16; I)8606,271,006
18Mozilla/2.0 (Win16; I)7775,626,792
19Mozilla/4.0 (compatible; MSIE 4.01; Windows NT)6708,573,502
20Cold Fusion 3.167046,489,625
21Mozilla/2.0 (compatible; MSIE 3.01; Windows 95)6185,884,679
22Mozilla/2.0 (compatible; MSIE 3.02; Update a; Windows 95)5375,334,664
23Mozilla/4.0 (compatible; MSIE 5.0b1; Windows 95)5085,513,193
24Mozilla/3.01Gold (Macintosh; I; PPC)4963,008,965
25Mozilla/3.04Gold (Win95; I)4955,012,712

Top 25 of 625 Documents Not Found
RankURLAccessesReferring URLs1/robots.txt236
2/dept/aihm/jim/undergrad/undefined55http://osu.orst.edu/dept/aihm/jim/undergrad/index.html
3/dept/aihm/jim/undergrad/images/spacer/GIF46http://osu.orst.edu/dept/aihm/jim/undergrad/index.html
4/dept/master-gardener/_vti_bin/fpcount.exe/indexhtml40http://osu.orst.edu/dept/master-gardener/mini.htm, http://osu.orst.edu/dept/master-gardener/calendar.htm, http://osu.orst.edu/dept/master-gardener/growan1.htm, http://osu.orst.edu/dept/master-gardener/closerlook.htm, http://osu.orst.edu/dept/master-gardener/oregonlink.htm, http://osu.orst.edu/dept/master-gardener/linksto.htm
5/instruct/fw251/modules/wildlife_ecology/_derived/community21http://osu.orst.edu/instruct/fw251/modules/wildlife_ecology/biological needs.htm, http://osu.orst.edu/instruct/fw251/modules/wildlife_ecology/habitat type.htm, http://osu.orst.edu/instruct/fw251/modules/wildlife_ecology/keystone.htm, http://osu.orst.edu/instruct/fw251/modules/wildlife_ecology/human effects.htm, http://osu.orst.edu/instruct/fw251/modules/wildlife_ecology/ecological dom.htm, http://osu.orst.edu/instruct/fw251/modules/wildlife_ecology/niche.htm
6/instruct/fw251/modules/wildlife_ecology/_derived/ecological18http://osu.orst.edu/instruct/fw251/modules/wildlife_ecology/biological needs.htm, http://osu.orst.edu/instruct/fw251/modules/wildlife_ecology/community form.htm, http://osu.orst.edu/instruct/fw251/modules/wildlife_ecology/habitat type.htm, http://osu.orst.edu/instruct/fw251/modules/wildlife_ecology/keystone.htm, http://osu.orst.edu/instruct/fw251/modules/wildlife_ecology/human effects.htm, http://osu.orst.edu/instruct/fw251/modules/wildlife_ecology/niche.htm
7/_vti_inf.html15
8/instruct/fw251/modules/wildlife_ecology/_derived/human15http://osu.orst.edu/instruct/fw251/modules/wildlife_ecology/biological needs.htm, http://osu.orst.edu/instruct/fw251/modules/wildlife_ecology/community form.htm, http://osu.orst.edu/instruct/fw251/modules/wildlife_ecology/habitat type.htm, http://osu.orst.edu/instruct/fw251/modules/wildlife_ecology/keystone.htm, http://osu.orst.edu/instruct/fw251/modules/wildlife_ecology/ecological dom.htm, http://osu.orst.edu/instruct/fw251/modules/wildlife_ecology/niche.htm
9/Stats/wusage/14http://www.orst.edu/Stats/wusage/10081.html, http://osu.orst.edu/Stats/wusage/10081.html
10/instruct/fw251/modules/wildlife_ecology/_derived/biological13http://osu.orst.edu/instruct/fw251/modules/wildlife_ecology/community form.htm, http://osu.orst.edu/instruct/fw251/modules/wildlife_ecology/habitat type.htm, http://osu.orst.edu/instruct/fw251/modules/wildlife_ecology/keystone.htm, http://osu.orst.edu/instruct/fw251/modules/wildlife_ecology/human effects.htm, http://osu.orst.edu/instruct/fw251/modules/wildlife_ecology/ecological dom.htm, http://osu.orst.edu/instruct/fw251/modules/wildlife_ecology/niche.htm
11/dept/alumni/http://statewide.orst.edu/catalog/alucol.htm11http://www.orst.edu/dept/alumni/index.html
12/dept/aihm/jim/undergrad/apparel/images/title.JPG10http://osu.orst.edu/dept/aihm/jim/undergrad/apparel/
13/_vti_bin/shtml.exe/_vti_rpc9
14/dept/budgets/budghand9http://www.orst.edu/dept/budgets/budghand/index.htm, http://osu.orst.edu/Dept/budgets/budghand/budget.html, http://osu.orst.edu/dept/budgets/budghand/
15/dept/radsafety/Count.cgi8http://osu.orst.edu/dept/radsafety/
16/dept/consulting/help_docs/docs/acceptable_use.html8http://www.engr.orst.edu/computing/services.htm, http://www.engr.orst.edu/computing/support.htm, http://www.engr.orst.edu/computing/faqs.htm
17/cfdocs/petersoe/afbp/awards/helmer.htm7http://osu.orst.edu/cfdocs/petersoe/afbp/sindex.htm
18/instruct/bi445/Index/445syl99.htm7http://www.orst.edu/instruct/bi445/index.htm
19/dept/archives/archive/rg/rg099des.html6
20/Dept/budgets/budghand6http://osu.orst.edu/dept/budgets/info_resource.html
21/dept/SRSpring98Cover.JPG6http://www.orst.edu/dept/science-record/index.html
22/dept/academic/aa/trfrfp_index.htm6
23/dept/career-services/recruiting/RNweek.HTM6http://www.orst.edu/dept/career-services/recruiting/TSSMAIN.HTM
24/admin/cc/act/team/yongy.html6http://www.orst.edu/admin/cc/act/, http://osu.orst.edu/admin/cc/act/, http://osu.orst.edu/admin/cc/act/index.html
25/dept/animal-sciences/jobs.htm6http://osu.orst.edu/dept/animal-sciences/, http://www.orst.edu/dept/animal-sciences/

Visits ReportTotal visits: 9332Average visit: 4.35 minutesLongest visit: 363 minutes10 Example VisitsSiteMinutesTrailpauling.library.orst.edu190/dept/ehs/bulletin/safbul21.htm, /dept/ehs/bulletin/safbul22.htm, /dept/ehs/bulletin/safbul23.htm, /dept/ehs/bulletin/safbul24.htm, /dept/ehs/bulletin/safbul25.htm, /dept/ehs/bulletin/safbul26.htm, /dept/ehs/bulletin/safbul27.htm, /dept/ehs/bulletin/safbul29.htm, /dept/ehs/bulletin/safbul30.htm, /dept/ehs/bulletin/safbul31.htm, /dept/ehs/bulletin/safbul32.htm, /dept/ehs/bulletin/safbul33.htm, /dept/ehs/bulletin/safbul34.htm, /dept/ehs/bulletin/safbul35.htm, /dept/ehs/bulletin/safbul36.htm, /dept/ehs/bulletin/safbul37.htm, /dept/ehs/bulletin/safbul38.htm, /dept/ehs/bulletin/safbul39.htm, /dept/ehs/bulletin/safbul40.htm, /dept/ehs/bulletin/safbul41.htm, /admin/facilities/parking/parkingmap.html, /dept/IS/newpub/newrel.htm, /dept/IS/isorg/philos.htm, /dept/IS/isorg/roles.htm, /dept/IS/projects/tecfee.htm, /dept/is/isplan/csc, /dept/is/isplan/libweb, /dept/IS/teams/admini/admser.htm, /dept/IS/teams/useser/specol.htm, /dept/IS/teams/useser/colser.htm, /dept/IS/teams/useser/moncat.htm, /dept/IS/teams/useser/sercat.htm, /dept/IS/teams/useser/oasdat.htm, /dept/IS/teams/useser/monacq.htm, /dept/IS/teams/useser/seracq.htm, /dept/IS/teams/useser/oasis.htm, /dept/IS/teams/useser/gimt.htm, /dept/IS/teams/useser/accser.htm, /Dept/eli/student_pages.html, /Dept/eli/eliapp.html, /Dept/eli/anthonys.html, /Dept/eli/insurance.html, /Dept/eli/commsta_steps.html, /Dept/eli/lccourses.html, /Dept/eli/lcmap.html, /Dept/eli/lcschedule.html, /Dept/eli/snl2f96.html, /Dept/eli/student_newssp2.html, /Dept/eli/student_news_sp1.html, /Dept/eli/student_newsw2.html, /Dept/eli/ispexcursions.html, /Dept/eli/april.html, /Dept/int_ed/osu/aust.detail.html, /Dept/int_ed/osshe/asia.html, /Dept/int_ed/osshe/europe.html, /Dept/int_ed/osshe/north_america.html, /Dept/int_ed/osshe/south_america.html, /Dept/int_ed/osshe/quito.html, /groups/clgweb/calvery/adopt.htm, /dept/cssa/prospective.html, /dept/cssa/cssa-faq.html, /dept/cssa/links.html, /dept/counsel/uesp/toc.htm, /dept/counsel/uesp/about.htm, /dept/wrestling/news/1998/123197.htm, /dept/wrestling/news/1998/1231972.htm, /dept/wrestling/news/1998/123097.htm, /dept/wrestling/news/1998/122997.htm, /dept/wrestling/news/1998/122897.htm, /dept/wrestling/news/1998/122197.htm, /dept/wrestling/news/1998/121897.htm, /dept/wrestling/news/1998/121497.htm, /dept/wrestling/news/1998/1210972.htm, /dept/wrestling/news/1998/121097.htm, /dept/wrestling/news/1998/120497.htm, /dept/wrestling/news/1998/120197.htm, /dept/wrestling/news/1998/pr112497.htm, /dept/wrestling/news/1998/wr112297.htm, /dept/wrestling/news/1998/110897.htm, /dept/wrestling/bios/1997/baldac97.htm, /dept/wrestling/bios/1997/barron97.htm, /dept/wrestling/bios/1997/buce97.htm, /dept/wrestling/bios/1997/donne97.htm, /dept/wrestling/bios/1997/dudley97.htm, /dept/wrestling/bios/1997/duffy97.htm, /dept/wrestling/bios/1997/freed97.htm, /dept/wrestling/bios/1997/gutchj97.htm, /dept/wrestling/bios/1997/hall97.htm, /dept/wrestling/bios/1997/harris97.htm, /dept/wrestling/bios/1997/hernan97.htm, /dept/wrestling/bios/1997/hix97.htm, /dept/wrestling/bios/1997/kutz97.htm, /dept/wrestling/bios/1997/lynde97.htm, /dept/wrestling/bios/1997/marjam97.htm, /dept/wrestling/bios/1997/milham97.htm, /dept/wrestling/bios/1997/munk97.htm, /dept/wrestling/bios/1997/navari97.htm, /dept/wrestling/bios/1997/orndor97.htm, /dept/wrestling/bios/1997/perez97.htm, /dept/wrestling/bios/1997/renzul97.htm, /dept/wrestling/bios/1997/sabot97.htm, /dept/wrestling/bios/1997/sandov97.htm, /dept/wrestling/bios/1997/sapp97.htm, /dept/wrestling/bios/1997/sugiha97.htm, /dept/wrestling/bios/1997/vaugha97.htm, /dept/wrestling/bios/1997/waldro97.htm, /dept/wrestling/bios/1997/whisja97.htm, /dept/wrestling/bios/1997/whisjo97.htm, /dept/wrestling/bios/1997/wilson97.htm, /dept/wrestling/bios/1997/woodi97.htm, /dept/wrestling/bios/1997/woodo97.htm, /dept/wrestling/bios/1997/wullbr97.htm, /dept/wrestling/bios/1997/york97.htm, /dept/wrestling/bios/1997/zajsha97.htm, /dept/wrestling/bios/1997/zajsla97.htm, /dept/wrestling/bios/1997/wells97.htm, /dept/wrestling/bios/1997/coutur97.htm, /dept/wrestling/bios/1997/gutchl97.htm, /dept/wrestling/bios/1997/truby97.htm, /dept/wrestling/bios/1997/bios.htm, /dept/wrestling/sked/9697sked.htm, /dept/wrestling/news/1984/84champs.htm, /dept/wrestling/news/1989/89team.htm, /dept/ehe/succefnp.html, /dept/ehe/ofsnep.html, /dept/ehe/succwish.html, /dept/ehe/succhrt.html, /dept/ehe/raab.html, /dept/ehe/ellen.html, /dept/ehe/gamble.html, /dept/ehe/hap.html, /dept/ehe/invest.html, /dept/ehe/success1.html, /dept/ehe/morrow.html, /dept/ehe/greg.html, /dept/ehe/staff.html, /dept/ehe/hotline.html, /dept/ehe/wdi.html, /dept/ehe/chh.html, /dept/ehe/lg.html, /dept/ehe/sfdhl.html, /dept/ehe/gyc.html, /dept/ehe/stuff.html, /dept/ehe/tcooking.html, /dept/ehe/leftover.html, /dept/ehe/mailordr.html, /dept/ehe/buffets.html, /dept/ehe/efnep97.html, /dept/ehe/succfld.html, /dept/cop/grad_st.htm, /dept/cop/pharmd.htm, /dept/cop/epharmd.htm, /dept/cop/admin.htm, /dept/cop/faculty/facalpha.htm, /dept/cop/faculty.htm, /dept/cop/pdxfac.htm, /dept/cop/stewards.htm, /dept/cop/newsletter/who.htm, /dept/cop/newsletter/winter98/no11.htm, /dept/cop/newsletter/winter98/no12.htm, /dept/cop/newsletter/winter98/no13.htm, /dept/cop/newsletter/winter98/no14.htm, /dept/cop/newsletter/winter98/no15.htm, /dept/cop/newsletter/fall97/no10.htm, /dept/cop/newsletter/fall97/no9.htm, /dept/cop/newsletter/fall97/no8.htm, /dept/cop/newsletter/fall97/no7.htm, /dept/cop/newsletter/fall97/no6.htm, /dept/cop/newsletter/fall97/no5.htm, /dept/cop/newsletter/fall97/no4.htm, /dept/cop/newsletter/fall97/no3.htm, /dept/cop/newsletter/fall97/no2.htm, /dept/cop/newsletter/fall97/no1.htm, /dept/cop/bs.htm, /dept/cop/acstndg.htm, /dept/cop/grainvit.htm, /dept/cop/adv_deg.htm, /dept/cop/research.htm, /dept/cop/grad_ast.htm, /dept/cop/dfacil.htm, /dept/cop/dobject.htm, /dept/cop/dadmis.htm, /dept/cop/dadproc.htm, /dept/cop/dtypic.htm, /dept/ip/staff/ip/barrettb.html, /dept/ip/staff/ip/jasar.html, /dept/ip/staff/ip/leglerm.html, /dept/ip/staff/ip/ottl.html, /dept/ip/staff/ip/vandewaj.html, /dept/summer/1997/images/ghindex.html, /Dept/budgets/space.html, /dept/lasells/homecoming/home97.html, /dept/counsel/ucps/mission.htm, /dept/counsel/ucps/help.htm, /dept/counsel/ucps/expect.htm, /dept/counsel/ucps/conf.htm, /dept/counsel/ucps/staff.htm, /dept/counsel/ucps/online.htm, /dept/isteach/toc_comp.htm, /dept/isteach/toc_lib.htm, /dept/isteach/class/engines.htm, /dept/library/tutorial/rang.htm, /dept/library/tutorial/oasis.htm, /dept/library/tutorial/litrev3a.htm, /dept/library/tutorial/litrev3b.htm, /dept/library/tutorial/litrev3c.htm, /dept/library/tutorial/litrev2a.htm, /dept/library/tutorial/litrev2b.htm, /dept/library/tutorial/litrev1a.htm, /dept/library/tutorial/litrev1b.htm, /dept/library/tutorial/litrev1c.htm, /Dept/int_degree/passdefs.html, /admin/facilities/bulletin/copyright.html, /instruct/oc199/tides2.html, /instruct/oc199/tides3.html, /instruct/oc199/tides4.html, /groups/cesarchavez, /groups/perv/pervnic, /groups/perv/QPWeek96, /groups/perv/snapshots/1997-04, /groups/perv/snapshots/1997-01b, /groups/perv/snapshots/1997-01, /groups/perv/snapshots/1996-08, /groups/perv/humor/15signs.html, /groups/perv/humor/5reasons.html, /dept/career-services/toc2.htm, /dept/career-services/csinfo.htm, /dept/career-services/interviw.htm, /dept/career-services/recruiting/TSSMAIN.HTM, /dept/career-services/place.htm, /dept/career-services/library.htm, /dept/career-services/advise.htm, /dept/career-services/coop.htm, /dept/career-services/register.htm, /dept/commuter/letter.html, /dept/indianed/indx-pro.htm, /dept/indianed/indx-std.htm, /dept/indianed/indx-srv.htm, /dept/indianed/indx-nws.htm, /dept/indianed/indx-lnx.htm, /dept/indianed/indx-hlp.htm, /dept/indianed/indx-inf.htm, /dept/indianed/indx-sch.htm, /instruct/for241/dk/start.html, /instruct/for241/con/genus.html, /instruct/for241/mt/mt1.html, /instruct/for241/mt/mt2.html, /instruct/for241/mt/mt3.html, /instruct/for241/mt/mt4.html, /instruct/for241/mt/mtsolnpg.html, /instruct/for241/con/cyprgen.html, /instruct/for241/con/dfgen.html, /instruct/for241/con/giseqgen.html, /instruct/for241/con/hmlckgen.html, /instruct/for241/con/cedrgen.html, /instruct/for241/con/jungen.html, /instruct/for241/con/lrchgen.html, /instruct/for241/con/pinegen.html, /instruct/for241/con/rdwdgen.html, /instruct/for241/con/sprcgen.html, /instruct/for241/con/trcedgen.html, /instruct/for241/con/trfirgen.html, /instruct/for241/con/yewgen.html, /Dept/LAN, /dept/IS/teams/iat/evalfrms.htm, /Dept/IPPC/wea/weaprob.html, /Dept/eco_edu/imagehelp.html, /groups/cauthorn/hplist.htm, /groups/cauthorn/staff.htm, /groups/cauthorn/council.htm, /groups/cauthorn/prospect.htm, /groups/finley/announce/announce.htm, /groups/finley/leader/leader.htm, /groups/finley/pictures/pictures.htm, /groups/finley/map/map.htm, /groups/mcnary/left.htm, /groups/sackett/main.html, /groups/sackett/navbar.html, /groups/dixon/location.html, /groups/heckart/what.html, /dept/women/report1.htm, /dept/eli/video_spkg_room.html, /dept/eli/computer_room.html, /dept/eli/reading_room.html, /dept/isteach/reserve/db-r.htm, /dept/isteach/reserve/misc-r.htm, /dept/isteach/reserve/os-r.htm, /dept/isteach/reserve/ss-r.htm, /dept/isteach/reserve/wp-r.htm, /dept/IS/isplan/1996/goals96.htm, /dept/IS/projects/enafac.htm, /dept/IS/projects/enainn.htm, /dept/IS/projects/enhcla.htm, /dept/IS/projects/stucom.htm, /dept/IS/projects/intcom.htm, /dept/IS/projects/imprem.htm, /dept/IS/projects/incspe.htm, /dept/IS/projects/prostu.htm, /dept/IS/projects/empstu.htm, /dept/IS/projects/exponl.htm, /dept/IS/projects/protec.htm, /dept/IS/survey.htm, /dept/is/teams/admini/quaaim.htm, /dept/is/isplan/csc/mission.html, /dept/is/isplan/csc/cscgr.html, /dept/is/isplan/csc/biblio.html, /dept/is/isplan/csc/cscmm030697.html, /dept/is/isplan/csc/cscmm031897.html, /dept/is/isplan/csc/cscmm032797.html, /dept/is/isplan/csc/cscmm040397.html, /dept/is/isplan/csc/cscmm041097.html, /dept/is/isplan/csc/cscmm041797.html, /dept/is/isplan/csc/cscmm042497.html, /dept/is/isplan/csc/cscmm050197.html, /dept/is/isplan/csc/cscmm051597.html, /dept/is/isplan/csc/cscmm52297.html, /dept/is/isplan/csc/cscmm71097.html, /dept/is/isplan/csc/presgoals.html, /mc/libcom/commit.htm, /dept/is/isplan/csc/prelim.html, /dept/is/isplan/csc/execsum.html, /dept/is/isplan/libweb/charge.htm, /dept/IS/commit/adminf.htm, /dept/IS/commit/disedu.htm, /dept/IS/commit/facsen.htm, /dept/IS/commit/placom.htm, /dept/IS/commit/tecres.htm, /dept/IS/commit/quatea.htm, /dept/IS/commit/teltas.htm, /dept/IS/commit/webadv/webadv.htm, /dept/IS/teams/admini/support.htm, /dept/IS/teams/admini/person.htm, /dept/IS/teams/admini/accomp.htm, /dept/IS/teams/admini/charge.htm, /dept/counsel/uesp/services.htm, /dept/counsel/uesp/transfer.htm, /dept/counsel/uesp/advising.htm, /dept/wrestling/bios/1996/flack.htm, /dept/cop/textonly/farmdtxt.htm, /dept/cop/faculty/ohvall.htm, /dept/cop/faculty/delander.htm, /dept/cop/faculty/vander.htm, /dept/cop/faculty/parrott.htm, /dept/cop/faculty/danielso.htm, /dept/cop/faculty/ayres.htm, /dept/cop/faculty/bianco.htm, /dept/cop/faculty/block.htm, /dept/cop/faculty/campbell.htm, /dept/cop/faculty/christen.htm, /dept/cop/faculty/constant.htm, /dept/cop/faculty/franklin.htm, /dept/cop/faculty/haxby.htm, /dept/cop/faculty/leid.htm, /dept/cop/faculty/mcguinne.htm, /dept/cop/faculty/mpitsos.htm, /dept/cop/faculty/munar.htm, /dept/cop/faculty/proteau.htm, /dept/cop/faculty/raber.htm, /dept/cop/faculty/stennett.htm, /dept/cop/faculty/weber.htm, /dept/cop/faculty/zweber.htm, /dept/cop/textonly/stewtxt.htm, /dept/cop/textonly/preftext.htm, /dept/cop/textonly/dtyptxt.htm, /dept/counsel/ucps/programs.htm, /Dept/grad_school/whatsnew/survey.htm, /dept/isteach/toc-chlp.htm, /dept/munion/craftcenter/craftmap.html, /dept/munion/craftcenter/craftmember.html, /dept/munion/craftcenter/craftools.html, /dept/munion/craftcenter/promos.html, /dept/munion/craftcenter/craftnews.html, /dept/munion/craftcenter/craftmisc.html, /dept/isteach/class/glossary.htm, /dept/library/tutorial/boolean.htm, /dept/library/tutorial/iac.htm, /groups/finley/pictures/pics96-97.htm, /groups/mcnary/staff.htm, /groups/mcnary/council.htm, /groups/mcnary/residents/residents.html, /groups/mcnary/floor.htm, /groups/mcnary/stress_relievers.html, /groups/sackett/life.html, /groups/sackett/people.html, /groups/sackett/faq.html, /groups/sackett/rackett.html, /groups/sackett/sbook.html, /groups/sackett/news.html, /instruct/pp/admin/reserve/reserve.htm, /instruct/pp/lrn, /instruct/pp/val, /instruct/pp/res, /instruct/pp/admin, /groups/wilson, /dept/IS/isplan/1996/global.htm, /dept/IS/isplan/1996/library.htm, /dept/IS/isplan/1996/admin.htm, /dept/IS/isplan/1996/instruct.htm, /dept/IS/isplan/1996/dynamic.htm, /dept/IS/newpub/newrel/isuniv.htm, /dept/IS/newpub/newrel/educom.htm, /admin/cc/act/team/isenseep.html, /mc/libcom/student.htm, /mc/libcom/faculty.htm, /mc/libcom/depart.htm, /mc/libcom/campus.htm, /mc/libcom/isserv.htm, /mc/libcom/isdata.htm, /mc/libcom/techsupp.htm, /mc/libcom/ressupp.htm, /dept/IS/commit/adminf/member.htm, /dept/IS/commit/adminf/minute.htm, /dept/IS/commit/disedu/member.htm, /dept/IS/commit/facsen/member.htm, /dept/IS/commit/netpla.htm, /dept/IS/commit/facsta.htm, /dept/IS/commit/stutec.htm, /dept/IS/commit/tecres/member.htm, /dept/IS/commit/quatea/member.htm, /dept/IS/commit/teltas/member.htm, /dept/IS/commit/teltas/minute.htm, /dept/IS/commit/teltas/whytel.htm, /dept/IS/commit/teltas/telagr.htm, /dept/IS/commit/teltas/telpol1.htm, /dept/IS/commit/webadv/goals.htm, /dept/IS/teams/admini/admin.htm, /groups/mcnary/residents/residents_hal.html, /groups/mcnary/residents/resident_life.htm, /groups/sackett/layout.html, /groups/sackett/pastrackett.html, /groups/sackett/setup.html, /groups/sackett/goul.html, /groups/sackett/rooms.html, /groups/libsoft, /dept/academic/cph1998/002_Required_Review.htm, /dept/academic/cph1998/003_Category_II_Procedures_Table.htm, /dept/academic/cph1998/004_Category_II_General_Procedures_and_Approval_Process.htm, /dept/academic/cph1998/005_Category_II_Instructions.htm, /dept/academic/cph1998/006CAT~1.HTM, /dept/academic/cph1998/008_Experimental_X_Course_Request_Instructions.htm, /dept/academic/cph1998/009CAT~1.HTM, /dept/academic/cph1998/010_Grading_Mode_Policy.htm, /dept/academic/cph1998/011PAS~1.HTM, /dept/academic/cph1998/013_Expire.htm, /dept/academic/cph1998/014_Modular_Courses.htm, /dept/academic/cph1998/015_Overseas_Study_Transcripting_Policy.htm, /dept/academic/cph1998/016_Student_Field_Trips.htm, /dept/academic/cph1998/018_Minors_and_Options.htm, /dept/academic/cph1998/019_Preparation_and_Review_of_Internship.htm, /dept/academic/cph1998/020_Undergraduate_Admission_and_Retention_Standards_Curriculum_Council_Policies_and_Guidelines.htm, /dept/academic/cph1998/021_The_Baccalaureate_Core.htm, /dept/academic/cph1998/022_BCSUMM.htm, /dept/academic/cph1998/023_BCC-TA147.htm, /dept/academic/cph1998/025BCC~1.HTM, /dept/academic/cph1998/026_Writing_Intensive_Courses-Guidelines.htm, /dept/academic/cph1998/027WIC~1.HTM, /dept/academic/cph1998/028_oche.htm, /dept/academic/cph1998/029_oche1.htm, /dept/academic/cph1998/030_oche2.htm, /dept/academic/cph1998/031_oche3.htm, /dept/academic/cph1998/033_Category_I_Transmittal_Sheet.htm, /dept/academic/cph1998/038_Budget_1st_yr_form.htm, /dept/academic/cph1998/039_Budget_operating_form.htm, /dept/academic/cph1998/041_BABS_Requirements.htm, /dept/academic/cph1998/042_Guidelines_for_External_Reviews.htm, /dept/academic/cph1998/043_Undergraduate_Certificate_Programs.htm, /dept/academic/cph1998/044_JOINT-CA.htm, /dept/academic/cph1998/046_Distance_Ed.htm, /dept/academic/cph1998/047_Guidelines_for_Off.htm, /dept/academic/cph1998/048_New_Location_Request_Form.htm, /dept/academic/cph1998/049_Abbreviated_OUS_Format_for_Category_I_Proposals.htm, /dept/academic/cph1998/050_Category_I_Rename.htm, /dept/academic/cph1998/051_Summary_of_Academic_Review_Required_by_OUS.htm, /dept/academic/cph1998/052_Commonly_Numbered_Course_List.htm, /dept/academic/cph1998/053_terms_for_curriculum.htm, /dept/career-services/intern/3698.htm, /vc/prostu/spadminf.htm, /dept/cgrb/faculty/baird, /dept/cgrb/faculty/baird/pubs.html, /dept/cop/newsletter/winter98/no20.htm, /dept/zoology/z361-98.htm, /dept/zoology/z361syll.htm, /dept/zoology/z362syll.htm, /dept/zoology/z362info.htm, /dept/develop/scholarships/AllCampus2.html, /dept/develop/scholarships/AgSci3.html, /dept/develop/scholarships/AgSci4.html, /dept/develop/scholarships/Engineering2.html, /dept/develop/scholarships/Forestry2.html, /dept/develop/scholarships/Presidential1.html, /dept/develop/scholarships/Presidential2.html, /dept/affact/announce/001-1741.htm, /dept/affact/announce/002-854.htm, /dept/affact/announce/003-978.htm, /dept/affact/announce/003-984.htm, /dept/affact/announce/011-292.htm, /dept/affact/announce/014-161.htm, /dept/archives/archive/pubs/6-21a_inv.html, /dept/archives/archive/pubs/6-21amf_inv.html, /dept/science/COSNewsHomeArchivesdino.html, /dept/cgrb/newsletter, /dept/cmc/serv/enhanced, /admin/hr/desc307.htm, /dept/affact/announce/006-186.htm, /dept/affact/announce/007-252.htm, /dept/affact/announce/007-253.htm, /dept/affact/announce/007-254.htm, /dept/affact/announce/009-416.htm, /dept/affact/announce/009-422.htm, /groups/sigmaxi/newopps.htm, /dept/eli/ttraining.html, /dept/science/Advisers.html, /dept/precoll/ail, /dept/agric/academic.html, /Dept/budgets/tech_info.html, /admin/web-edit/tutorials/html, /dept/budgets/tech_info.html, /dept/career-services/colleges/agsci.htm, /dept/career-services/colleges/business.htm, /dept/career-services/colleges/engineer.htm, /dept/career-services/colleges/forestry.htm, /dept/career-services/colleges/hhp.htm, /dept/career-services/colleges/homeec.htm, /dept/career-services/colleges/education.htm, /dept/career-services/colleges/libarts.htm, /dept/career-services/colleges/science.htm, /dept/ehs/safecomm/members.htm, /dept/ehe/firstyr.html, /dept/munion/mupc, /admin/web-edit/tutorials/html/class2.htm, /dept/is/ruslit, /Dept/pol_sci/pnwpsa, /dept/zoology/Z565jl.htm, /dept/cgrb/contact.html, /dept/zoology/alumni.htm, /dept/cgrb/faculty/anderson, /dept/cgrb/faculty/arp, /dept/cgrb/faculty/bailey, /dept/cgrb/faculty/bakalinsky, /dept/cgrb/faculty/barofsky, /dept/cgrb/faculty/bayne, /dept/cgrb/faculty/blouin, /dept/cgrb/faculty/bothwell, /dept/cgrb/faculty/bottomley, /dept/cgrb/faculty/boyer, /dept/cgrb/faculty/brown, /dept/cgrb/faculty/buhler, /dept/cgrb/faculty/chaplen, /dept/cgrb/faculty/chen, /dept/cgrb/faculty/ciuffetti, /dept/cgrb/faculty/davis, /dept/cgrb/faculty/deinzer, /dept/cgrb/faculty/dolja, /dept/cgrb/faculty/dreher, /dept/cgrb/mcb/quality.html, /dept/cgrb/mcb/support.html, /dept/zoology/biology.htm, /dept/zoology/ecosyl97.htm, /dept/zoology/zo_club.htm, /dept/zoology/majors.htm, /dept/zoology/people/potters.htm, /dept/zoology/phys_lnk.htm, /dept/zoology/eco_lnk.htm, /dept/zoology/bhvr_lnk.htm, /dept/zoology/evol_lnk.htm, /dept/zoology/pop_lnk.htm, /dept/cgrb/faculty/field, /dept/cgrb/faculty/forsberg, /dept/cgrb/faculty/froman, /dept/cgrb/faculty/geller, /dept/cgrb/faculty/gerwick, /dept/cgrb/faculty/rockey, /dept/cgrb/faculty/weis, /dept/cgrb/faculty/wong, /dept/cgrb/faculty/zabriskie, /dept/cgrb/faculty/bayne/pubs.html, /dept/cgrb/faculty/chaplen/pubs.html, /dept/cgrb/faculty/ciuffetti/pubs.html, /dept/cgrb/faculty/davis/pubs.html, /dept/cgrb/faculty/deinzer/pubs.html, /dept/cgrb/faculty/dolja/pubs.html, /dept/cgrb/faculty/dreher/pubs.html, /dept/develop/org/staff/DevFunction.html, /dept/sociology/chair.htm, /Dept/owrri, /dept/academic/uspc, /Dept/sci_mth_education/summer, /dept/archives/archive/pho/p218inv_ralph.html, /dept/academic/uspc, /oregon/taskforce/taskforce.html, /dept/ncs/newsarch/1997/97arch.htm, /dept/is/access/ill/article.htm, /Dept/geosciences/geog_web.html, /dept/cgrb/newsletter/humor2.html, /dept/cgrb/newsletter/director_ltr.html, /dept/cgrb/newsletter/new_stud.html, /dept/cgrb/newsletter/commnews.html, /dept/cgrb/newsletter/prof_ann.html, /dept/cgrb/newsletter/pers_ann.html, /dept/cgrb/newsletter/newfaculty.html, /dept/cgrb/faculty/fowler, /dept/cgrb/faculty/vella, /dept/ASOSU/new_candidates.html, /dept/cgrb/mcb/application.html, /dept/cgrb/contact, /Dept/ASOSU/new_candidates.html, /dept/ehe/teach.html, /groups/osuwa/igs/metagrp.htm, /groups/osuwa/funding/funding.htm, /dept/zoology/mission.htm, /Dept/budgets/enroll/minority1.htm, /Dept/budgets/enroll/min_gen.htm, /Dept/budgets/enroll/mineroll.htm, /Dept/budgets/enroll/glance.htm, /Dept/budgets/enroll/transfer.htm, /Dept/budgets/enroll/first.htm, /Dept/budgets/enroll/undergradtran.htm, /Dept/budgets/enroll/counties.htm, /Dept/budgets/enroll/osshetran.htm, /Dept/budgets/enroll/privatetran.htm, /Dept/budgets/enroll/agisci.htm, /Dept/budgets/enroll/states.htm, /Dept/budgets/enroll/business.htm, /Dept/budgets/enroll/enrollment.htm, /Dept/budgets/enroll/engineering.htm, /Dept/budgets/enroll/college.htm, /Dept/budgets/enroll/forestry.htm, /Dept/budgets/enroll/grad.htm, /Dept/budgets/enroll/hhp.htm, /Dept/budgets/enroll/hee.htm, /Dept/budgets/enroll/cla.htm, /Dept/budgets/enroll/history.htm, /Dept/budgets/enroll/coas.htm, /Dept/budgets/enroll/newstud.htm, /Dept/budgets/enroll/pharmacy.htm, /Dept/budgets/enroll/science.htm, /Dept/budgets/enroll/vetmed.htm, /Dept/budgets/enroll/usep.htm, /admin/hristeam/hrtimes1.htm, /dept/zoology/people/zhangda.htm, /Dept/ODFW/life-cycle/BACKGRD.HTM, /dept/oird, /dept/cop/newsletter/winter98/no16.htm, /dept/cop/newsletter/winter98/no17.htm, /dept/cop/newsletter/winter98/no18.htm, /dept/career-services/online/general.htm, /dept/career-services/online/jobsinet.htm, /dept/career-services/intern/22498.htm, /dept/career-services/intern/21198.htm, /dept/career-services/intern/12098.htm, /dept/career-services/intern/1698.htm, /Dept/eli/techsem98/ts_aboutcorvallis.html, /dept/computing/warehouse/classmatl/clg1.htm, /dept/computing/warehouse/classmatl/clg2.htm, /dept/computing/warehouse/classmatl/clg3.htm, /dept/computing/warehouse/classmatl/clg4.htm, /dept/computing/warehouse/classmatl/clg5.htm, /dept/computing/warehouse/classmatl/clg6.htm, /dept/computing/warehouse/classmatl/clg7.htm, /dept/computing/warehouse/classmatl/clg8.htm, /dept/computing/warehouse/classmatl/clg9.htm, /dept/computing/warehouse/classmatl/clg10.htm, /dept/computing/warehouse/classmatl/clg12.htm, /dept/ehs/safecomm/comm1197.htm, /dept/ehs/safecomm/comm1297.htm, /dept/ehe/lesson.html, /dept/ehe/10keys.html, /dept/munion/mupc/questions.html, /dept/munion/mupc/members.html, /dept/munion/mupc/events.html, /Dept/budgets/grad/degreetype.htm, /Dept/budgets/grad/numberofdegrees.htm, /Dept/budgets/grad/cofagsci.htm, /Dept/budgets/grad/cofbusiness.htm, /Dept/budgets/grad/cofengineering.htm, /Dept/budgets/grad/degreesconf.htm, /Dept/budgets/grad/cofforestry.htm, /Dept/budgets/grad/gradschool.htm, /Dept/budgets/grad/cofhhp.htm, /Dept/budgets/grad/cofhee.htm, /Dept/budgets/grad/degreetominor.htm, /Dept/budgets/grad/cofcla.htm, /Dept/budgets/grad/cofcoas.htm, /Dept/budgets/grad/cofpharm.htm, /Dept/budgets/grad/cofscience.htm, /Dept/budgets/grad/cofvetmed.htm, /Dept/budgets/grad/gpa.htm, /Dept/budgets/grad/mais.htm, /Dept/budgets/grad/certificates.htm, /Dept/budgets/grad/totalunver.htm, /Dept/budgets/grad/headcount.htm, /Dept/grad_school/major_minor/graduate_majors.htm, /Dept/grad_school/major_minor/graduate_minors.htm, /Dept/grad_school/major_minor/majors_banner.htm, /Dept/grad_school/major_minor/grad_majors_toc.htm, /Dept/grad_school/major_minor/default_page.htm, /Dept/grad_school/major_minor/grad_minors_toc.htm, /Dept/grad_school/major_minor/default_page_minors.htm, /dept/clac, /dept/wsext, /dept/clasked/fall97, /dept/clasked/win98, /dept/is/access/ill/illintro.htm, /admin/web-edit/tutorials, /dept/pie/piepeople.html, /dept/pie/pieresource.html, /Dept/eli/ttraining.html, /dept/hort/ugradprg.html, /dept/hort/turf/turf.htm, /dept/hort/intern.html, /dept/hort/reshfacl.html, /dept/hort/adsupfac.html, /dept/hort/other.html, /dept/is/access/team/accser.htm, /admin/web-edit/overview/javaquiz.htm, /dept/cgrb/cgrb, /dept/sci_mth_education/summer, /dept/affact/announce/010-136.htm, /dept/affact/announce/010-140.htm, /dept/crsp/edops/edop_assiss/2-4-98.a, /dept/crsp/edops/edop_assiss/3-4-98.a.html, /dept/crsp/edops/edop_assiss/3-4-98.b.html, /dept/crsp/edops/edop_assiss/3-4-98.c.html, /dept/crsp/edops/edop_assiss/3-4-98.d.html, /dept/crsp/edops/edop_assiss/3-4-98.e.html, /dept/crsp/edops/edop_assiss/3-4-98.f.html, /dept/crsp/edops/edop_shortcourse/3-4-98.a.html, /Dept/crsp/edops/edop_assiss/2-4-98.a, /Dept/crsp/edops/edop_assiss/3-4-98.a.html, /Dept/crsp/edops/edop_assiss/3-4-98.b.html, /Dept/crsp/edops/edop_assiss/3-4-98.c.html, /Dept/crsp/edops/edop_assiss/3-4-98.d.html, /Dept/crsp/edops/edop_assiss/3-4-98.e.html, /Dept/crsp/edops/edop_assiss/3-4-98.f.html, /Dept/crsp/edops/edop_shortcourse/3-4-98.a.html, /dept/academic/status/97-B109.htm, /dept/academic/status/97-B108.htm, /dept/academic/status/97-B110.htm, /dept/is/access/av/civrt3.htm, /dept/is/access/av/libr5.htm, /dept/is/access/av/agri52.htm, /dept/is/access/av/agri53.htm, /dept/is/access/av/agri54.htm, /dept/is/access/av/agri55.htm, /dept/is/access/av/agri56.htm, /dept/is/access/av/agri57.htm, /dept/is/access/av/aqua11.htm, /dept/is/access/av/aqua12.htm, /dept/is/access/av/for6.htm, /dept/is/access/av/for7.htm, /dept/is/access/av/for8.htm, /dept/is/access/av/soc4.htm, /dept/is/access/av/art13.htm, /dept/is/access/av/archit3.htm, /dept/is/access/av/archit4.htm, /dept/is/access/av/archit5.htm, /dept/is/access/av/archit6.htm, /dept/is/access/av/archit7.htm, /dept/is/access/av/art14.htm, /dept/is/access/av/art15.htm, /dept/is/access/av/art2.htm, /dept/is/access/av/art3.htm, /dept/is/access/av/art4.htm, /dept/is/access/av/art5.htm, /dept/is/access/av/art6.htm, /dept/is/access/av/art7.htm, /dept/is/access/av/art8.htm, /dept/is/access/av/art9.htm, /dept/is/access/av/art10.htm, /dept/is/access/av/art11.htm, /dept/is/access/av/art12.htm, /dept/is/access/av/art16.htm, /dept/is/access/av/art17.htm, /dept/is/access/av/film66.htm, /dept/is/access/av/film67.htm, /dept/is/access/av/film68.htm, /dept/is/access/av/film69.htm, /dept/is/access/av/music8.htm, /dept/is/access/av/asia3.htm, /dept/is/access/av/media3.htm, /dept/is/access/av/wom19.htm, /dept/is/access/av/wom21.htm, /dept/is/access/av/dis5.htm, /dept/is/access/av/lat19.htm, /dept/is/access/av/asia25.htm, /dept/is/access/av/asia26.htm, /dept/is/access/av/asia28.htm, /dept/is/access/av/mid2.htm, /dept/is/access/av/asia30.htm, /dept/is/access/av/mid3.htm, /dept/is/access/av/asia31.htm, /dept/is/access/av/asia32.htm, /dept/is/access/av/asia33.htm, /dept/is/access/av/asia34.htm, /dept/is/access/av/asia40.htm, /dept/is/access/av/asia4.htm, /dept/is/access/av/asia5.htm, /dept/is/access/av/asia6.htm, /dept/is/access/av/asia7.htm, /dept/is/access/av/asia8.htm, /dept/is/access/av/asia9.htm, /dept/is/access/av/asia10.htm, /dept/is/access/av/asia11.htm, /dept/is/access/av/asia12.htm, /dept/is/access/av/asia13.htm, /dept/is/access/av/asia14.htm, /dept/is/access/av/mid1.htm, /dept/is/access/av/asia36.htm, /dept/is/access/av/asia37.htm, /dept/is/access/av/asia38.htm, /dept/is/access/av/asia15.htm, /dept/is/access/av/asia16.htm, /dept/is/access/av/asia17.htm, /dept/is/access/av/asia18.htm, /dept/is/access/av/asia19.htm, /dept/is/access/av/asia20.htm, /dept/is/access/av/asia21.htm, /dept/is/access/av/asia22.htm, /dept/is/access/av/asia23.htm, /dept/is/access/av/asia24.htm, /dept/is/access/av/asia39.htm, /dept/is/access/av/lat1.htm, /dept/is/access/av/lat3.htm, /dept/is/access/av/lat2.htm, /dept/is/access/av/lat4.htm, /dept/is/access/av/lat5.htm, /dept/is/access/av/lat6.htm, /dept/is/access/av/lat7.htm, /dept/is/access/av/lat8.htm, /dept/is/access/av/lat9.htm, /dept/is/access/av/lat10.htm, /dept/is/access/av/lat11.htm, /dept/is/access/av/lat12.htm, /dept/is/access/av/lat13.htm, /dept/is/access/av/lat14.htm, /dept/is/access/av/lat15.htm, /dept/is/access/av/lat16.htm, /dept/is/access/av/lat17.htm, /dept/is/access/av/lat18.htm, /dept/is/access/av/wom16.htm, /dept/is/access/av/nat6.htm, /dept/is/access/av/wom17.htm, /dept/is/access/av/hist65.htm, /dept/is/access/av/nat7.htm, /dept/is/access/av/nat8.htm, /dept/is/access/av/hist66.htm, /dept/is/access/av/africa28.htm, /dept/is/access/av/libr6.htm, /dept/is/access/av/polsci9.htm, /dept/is/access/av/health3.htm, /dept/is/access/av/health4.htm, /dept/is/access/av/med4.htm, /dept/is/access/av/polsci8.htm, /dept/is/access/av/polsci10.htm, /dept/is/access/av/polsci11.htm, /dept/is/access/av/polsci12.htm, /dept/is/access/av/polsci13.htm, /dept/is/access/av/polsci16.htm, /dept/is/access/av/polsci14.htm, /dept/is/access/av/polsci15.htm, /dept/is/access/av/polsci17.htm, /dept/is/access/av/astro5.htm, /dept/is/access/av/astro6.htm, /dept/is/access/av/phy3.htm, /dept/is/access/av/astro7.htm, /dept/is/access/av/astro8.htm, /dept/is/access/av/astro9.htm, /dept/is/access/av/astro10.htm, /dept/is/access/av/astro11.htm, /dept/is/access/av/astro12.htm, /dept/is/access/av/war3.htm, /dept/is/access/av/bio70.htm, /dept/is/access/av/bio71.htm, /dept/is/access/av/bio53.htm, /dept/is/access/av/bio54.htm, /dept/is/access/av/bio55.htm, /dept/is/access/av/bio56.htm, /dept/is/access/av/bio57.htm, /dept/is/access/av/bio58.htm, /dept/is/access/av/bio59.htm, /dept/is/access/av/bio69.htm, /dept/is/access/av/bot2.htm, /dept/is/access/av/ent5.htm, /dept/is/access/av/env9.htm, /dept/is/access/av/geol5.htm, /dept/is/access/av/phy2.htm, /dept/is/access/av/env8.htm, /dept/is/access/av/geog4.htm, /dept/is/access/av/bus17.htm, /dept/is/access/av/geol3.htm, /dept/is/access/av/bio60.htm, /dept/is/access/av/bio61.htm, /dept/is/access/av/bio62.htm, /dept/is/access/av/bio63.htm, /dept/is/access/av/bio64.htm, /dept/is/access/av/bio65.htm, /dept/is/access/av/bio66.htm, /dept/is/access/av/bio67.htm, /dept/is/access/av/geog7.htm, /dept/is/access/av/geog5.htm, /dept/is/access/av/geog6.htm, /dept/is/access/av/geol2.htm, /dept/is/access/av/geol6.htm, /dept/is/access/av/geol4.htm, /dept/is/access/av/oceanog1.htm, /dept/is/access/av/oceanog2.htm, /dept/is/access/av/oceanog3.htm, /dept/is/access/av/phy4.htm, /dept/is/access/av/phy5.htm, /dept/is/access/av/phy6.htm, /dept/is/access/av/phy7.htm, /dept/is/access/av/media4.htm, /dept/is/access/av/wom15.htm, /dept/is/access/av/asia27.htm, /dept/is/access/av/asia29.htm, /dept/is/access/av/asia35.htm, /dept/is/access/av/lab2.htm, /dept/is/access/av/lab3.htm, /dept/is/access/av/lab4.htm, /dept/is/access/av/wom18.htm, /dept/is/access/av/wom20.htm, /dept/is/access/av/wom22.htm, /dept/is/access/av/wom23.htm, /dept/is/access/av/libr7.htm, /dept/is/access/av/libr8.htm, /dept/is/access/av/libr9.htm, /dept/is/access/av/libr10.htm, /dept/is/access/av/libr11.htm, /dept/is/access/av/libr12.htm, /dept/is/access/av/media6.htm, /dept/is/access/av/media5.htm, /dept/is/access/av/photo2.htm, /dept/is/access/av/photo3.htm, /dept/is/access/av/photo4.htm, /dept/is/access/av/photo5.htm, /dept/is/access/av/photo6.htm, /dept/clac/Rg_HBowl.htm, /dept/clac/Co_HBowl.htm, /dept/clac/Jr_Hunt.htm, /dept/lasells/lasells/calendar/9803.htm, /dept/anthropology/recentgrads.htm, /Dept/NWREC/tomatogh.html, /dept/is/access/av/home.htm, /dept/affact/announce/003-988.htm, /dept/affact/announce/018-795.htm, /dept/affact/announce/018-800.htm, /dept/affact/announce/018-801.htm, /dept/zoology/job3-4.htm, /dept/is/access/av/bot6.htm, /dept/is/access/av/perf12.htm, /dept/is/access/av/film70.htm, /dept/is/access/av/perf13.htm, /dept/is/access/av/perf14.htm, /dept/is/access/av/perf15.htm, /dept/is/access/av/perf16.htm, /dept/is/access/av/perf17.htm, /dept/is/access/av/perf18.htm, /dept/is/access/av/perf19.htm, /dept/is/access/av/perf24.htm, /dept/is/access/av/perf20.htm, /dept/is/access/av/perf22.htm, /dept/is/access/av/perf27.htm, /dept/is/access/av/perf26.htm, /dept/is/access/av/perf28.htm, /dept/is/access/av/perf29.htm, /dept/is/access/av/perf30.htm, /dept/is/access/av/perf31.htm, /dept/is/access/av/perf32.htm, /dept/is/access/av/perf33.htm, /dept/is/access/av/perf34.htm, /dept/is/access/av/perf35.htm, /dept/is/access/av/perf36.htm, /dept/is/access/av/perf37.htm, /dept/is/access/av/perf38.htm, /dept/is/access/av/perf39.htm, /dept/is/access/av/perf40.htm, /dept/is/access/av/per